2003-2004	2004-09-14	Middlesboro	0	NULL	Newcastle United	1	Shola Ameobi,21,g	Riverside Stadium
2003-2004	2004-09-14	Bolton Wanderers	0	NULL	Charlton Athletic	0	NULL	Reebok Stadium
2003-2004	2004-09-14	Aston Villa	1	Dion Dublin,45,g	Southampton	0	NULL	Villa Park
2003-2004	2004-09-14	Manchester City	0	NULL	Fulham	0	NULL	City of Manchester Stadium
2003-2004	2004-09-14	Portsmouth	3	Dejan Stefanovic,45,g;T Lua-Lua,62,g;Yakubu Ayegbeni,73,pen	Birmingham	1	Stern John,67,g	Fratton Park
2003-2004	2004-09-14	Tottenham Hotspur	2	Robbie Keane,25,pen;Helder Postiga,54,g	Liverpool	1	Harry Kewell,75,g	White Hart Lane
2003-2004	2004-06-15	Blackburn Rovers	1	Andy Cole,24,g	Birmingham	1	Stern John,83,g	Ewood Park
2003-2004	2004-06-15	Liverpool	1	Michael Owen,67,g	Newcastle United	1	Shola Ameobi,25,g	Anfield
2003-2004	2004-06-15	Aston Villa	0	NULL	Manchester United	2	Cristiano Ronaldo,5,g;Ruud van Nistelrooy,10,g	Villa Park
2003-2004	2004-06-15	Manchester City	5	Paulo Wanchope,16,g;Paulo Wanchope,31,g;Nicolas Anelka,41,g;Antoine Sibierski,89,g;S Wright-Phillips,90,g	Everton	1	Kevin Campbell,61,g	City of Manchester Stadium
2003-2004	2004-06-15	Chelsea	1	Jesper Gronkjaer,20,g	Leeds United	0	NULL	Stamford Bridge
2003-2004	2004-06-15	Portsmouth	5	Yakubu Ayegbeni,5,g;Yakubu Ayegbeni,14,pen;Yakubu Ayegbeni,32,g;Teddy Sheringham,81,g;Yakubu Ayegbeni,83,g	Middlesboro	1	Boudewijn Zenden,27,g	Fratton Park
2003-2004	2004-06-15	Charlton Athletic	2	Jason Euell,36,g;Carlton Cole,55,g	Southampton	1	David Prutton,64,g	The Valley
2003-2004	2004-06-15	Wolverhampton	0	NULL	Tottenham Hotspur	2	Robbie Keane,37,g;Jermain Defoe,60,g	Molineux Stadium
2003-2004	2004-06-15	Bolton Wanderers	0	NULL	Fulham	2	Brian McBride,45,g;Brian McBride,78,g	Reebok Stadium
2003-2004	2004-06-15	Arsenal	2	Thierry Henry,47,pen;Patrick Vieira,69,g	Leicester City	1	Paul Dickov,29,g	Highbury
2003-2004	2004-06-12	Southampton	3	James Beattie,19,g;Titus Bramble,39,og;Leandre Griffit,88,g	Newcastle United	3	Shola Ameobi,7,g;Lee Bowyer,35,g;Darren Ambrose,90,g	St Mary's Stadium
2003-2004	2004-06-09	Fulham	0	NULL	Arsenal	1	J Calderon,9,g	Craven Cottage
2003-2004	2004-06-09	Newcastle United	1	Lee Bowyer,38,g	Wolverhampton	1	Ioan Viorel Ganea,70,g	St. James Park
2003-2004	2004-06-08	Tottenham Hotspur	1	Jermain Defoe,18,g	Blackburn Rovers	0	NULL	White Hart Lane
2003-2004	2004-06-08	Manchester United	1	Ruud van Nistelrooy,77,g	Chelsea	1	Jesper Gronkjaer,18,g	Old Trafford
2003-2004	2004-06-08	Birmingham	0	NULL	Liverpool	3	Michael Owen,29,g;Emile Heskey,51,g;Steven Gerrard,86,g	St. Andrews
2003-2004	2004-06-08	Leicester City	3	Matthew Taylor,6,og;Paul Dickov,27,g;James Scowcroft,71,g	Portsmouth	1	Nigel Quashie,66,g	Walkers Stadium
2003-2004	2004-06-08	Middlesboro	2	Massimo Maccarone,8,g;Szilard Nemeth,32,g	Manchester City	1	Paulo Wanchope,35,g	Riverside Stadium
2003-2004	2004-06-08	Leeds United	3	Matthew Kilgallon,29,g;Jermaine Pennant,41,g;Alan Smith,71,pen	Charlton Athletic	3	Matt Holland,8,g;Jason Euell,76,pen;Jason Euell,79,g	Elland Road
2003-2004	2004-06-08	Everton	1	Duncan Ferguson,68,g	Bolton Wanderers	2	Youri Djorkaeff,15,g;Youri Djorkaeff,87,g	Goodison Park
2003-2004	2004-06-08	Southampton	1	Kevin Phillips,45,g	Aston Villa	1	Juan Pablo Angel,38,pen	St Mary's Stadium
2003-2004	2004-06-04	Portsmouth	1	Yakubu Ayegbeni,30,g	Arsenal	1	J Calderon,50,g	Fratton Park
2003-2004	2004-06-02	Bolton Wanderers	4	Youri Djorkaeff,48,g;Youri Djorkaeff,53,g;Ian Harte,55,og;Kevin Nolan,78,g	Leeds United	1	Mark Viduka,27,pen	Reebok Stadium
2003-2004	2004-06-02	Aston Villa	1	Juan Pablo Angel,5,g	Tottenham Hotspur	0	NULL	Villa Park
2003-2004	2004-06-02	Liverpool	2	Danny Murphy,49,pen;Emile Heskey,53,g	Middlesboro	0	NULL	Anfield
2003-2004	2004-06-01	Manchester City	1	Paulo Wanchope,59,g	Newcastle United	0	NULL	City of Manchester Stadium
2003-2004	2004-06-01	Charlton Athletic	2	Jon Fortune,53,g;Paolo Di Canio,76,pen	Leicester City	2	Marcus Bent,5,g;Les Ferdinand,88,g	The Valley
2003-2004	2004-06-01	Blackburn Rovers	1	Jonathan Stead,85,g	Manchester United	0	NULL	Ewood Park
2003-2004	2004-06-01	Portsmouth	1	Yakubu Ayegbeni,80,g	Fulham	1	Brian McBride,85,g	Fratton Park
2003-2004	2004-06-01	Chelsea	4	Martin Cranie,59,og;Frank Lampard,75,g;Frank Lampard,83,g;Glen Johnson,85,g	Southampton	0	NULL	Stamford Bridge
2003-2004	2004-06-01	Arsenal	0	NULL	Birmingham	0	NULL	Highbury
2003-2004	2004-06-01	Wolverhampton	2	Henri Camara,55,g;Carl Cort,84,g	Everton	1	Leon Osman,3,g	Molineux Stadium
2003-2004	2004-05-25	Tottenham Hotspur	2	Jamie Redknapp,62,g;Robbie Keane,90,pen	Arsenal	2	Patrick Vieira,3,g;Robert Pires,35,g	White Hart Lane
2003-2004	2004-05-25	Newcastle United	2	Shola Ameobi,43,g;Alan Shearer,48,g	Chelsea	1	Joe Cole,5,g	St. James Park
2003-2004	2004-05-25	Leeds United	1	Ian Harte,83,pen	Portsmouth	2	Yakubu Ayegbeni,9,g;T Lua-Lua,51,g	Elland Road
2003-2004	2004-05-25	Birmingham	2	Mikael Forssell,34,g;Clinton Morrison,41,g	Wolverhampton	2	Colin Cameron,6,g;Carl Cort,75,g	St. Andrews
2003-2004	2004-05-24	Southampton	1	Marian Pahars,21,g	Bolton Wanderers	2	Kevin Nolan,79,g;Kevin Davies,80,g	St Mary's Stadium
2003-2004	2004-05-24	Fulham	2	Steed Malbranque,18,pen;Sean Davis,68,g	Charlton Athletic	0	NULL	Craven Cottage
2003-2004	2004-05-24	Leicester City	1	James Scowcroft,66,g	Manchester City	1	Michael Tarnat,45,g	Walkers Stadium
2003-2004	2004-05-24	Middlesboro	1	Joseph-Desire Job,41,g	Aston Villa	2	Gareth Barry,45,g;Peter Crouch,89,g	Riverside Stadium
2003-2004	2004-05-24	Manchester United	0	NULL	Liverpool	1	Danny Murphy,63,pen	Old Trafford
2003-2004	2004-05-24	Everton	0	NULL	Blackburn Rovers	1	Jonathan Stead,80,g	Goodison Park
2003-2004	2004-05-20	Manchester United	2	Louis Saha,28,g;Gary Neville,65,g	Charlton Athletic	0	NULL	Old Trafford
2003-2004	2004-05-18	Aston Villa	0	NULL	Newcastle United	0	NULL	Villa Park
2003-2004	2004-05-17	Bolton Wanderers	2	Ivan Campo,7,g;Henrik Pedersen,65,g	Tottenham Hotspur	0	NULL	Reebok Stadium
2003-2004	2004-05-17	Blackburn Rovers	1	Nikos Dabizas,42,og	Leicester City	0	NULL	Ewood Park
2003-2004	2004-05-17	Portsmouth	1	Steve Stone,37,g	Manchester United	0	NULL	Fratton Park
2003-2004	2004-05-17	Wolverhampton	2	Carl Cort,28,g;Mohamed Camara,62,g	Middlesboro	0	NULL	Molineux Stadium
2003-2004	2004-05-17	Charlton Athletic	1	Matt Holland,87,g	Birmingham	1	Clinton Morrison,84,g	The Valley
2003-2004	2004-05-17	Chelsea	0	NULL	Everton	0	NULL	Stamford Bridge
2003-2004	2004-05-17	Liverpool	0	NULL	Fulham	0	NULL	Anfield
2003-2004	2004-05-17	Manchester City	1	Nicolas Anelka,78,g	Southampton	3	James Beattie,34,g;Kevin Phillips,55,g;Kevin Phillips,81,g	City of Manchester Stadium
2003-2004	2004-05-16	Arsenal	5	Robert Pires,7,g;Thierry Henry,27,g;Thierry Henry,33,pen;Thierry Henry,50,g;Thierry Henry,67,g	Leeds United	0	NULL	Highbury
2003-2004	2004-05-13	Manchester United	1	Gary Neville,56,g	Leicester City	0	NULL	Old Trafford
2003-2004	2004-05-13	Leeds United	1	James Milner,50,g	Everton	1	Wayne Rooney,13,g	Elland Road
2003-2004	2004-05-12	Middlesboro	3	Juninho Paulista,23,g;Szilard Nemeth,32,g;Massimo Maccarone,49,g	Southampton	1	James Beattie,70,g	Riverside Stadium
2003-2004	2004-05-12	Liverpool	0	NULL	Charlton Athletic	1	Sean Bartlett,63,g	Anfield
2003-2004	2004-05-12	Tottenham Hotspur	1	Jermain Defoe,52,g	Manchester City	1	Nicolas Anelka,25,g	White Hart Lane
2003-2004	2004-05-12	Aston Villa	3	Darius Vassell,39,pen;Tomas Hitzlsperger,49,g;Lee Hendrie,52,g	Chelsea	2	Hernan Crespo,11,g;Hernan Crespo,90,g	Villa Park
2003-2004	2004-05-12	Wolverhampton	1	Henri Camara,44,g	Bolton Wanderers	2	Henrik Pedersen,43,g;Kevin Davies,90,g	Molineux Stadium
2003-2004	2004-05-12	Fulham	3	Collins John,26,g;Collins John,45,g;Luis Boa Morte,60,g	Blackburn Rovers	4	Andy Cole,23,g;Jonathan Douglas,48,g;Lorenzo Amoruso,51,g;Jonathan Stead,75,g	Craven Cottage
2003-2004	2004-05-11	Newcastle United	0	NULL	Arsenal	0	NULL	St. James Park
2003-2004	2004-05-10	Bolton Wanderers	2	Henrik Pedersen,48,g;Kevin Davies,86,g	Aston Villa	2	Peter Crouch,18,g;Lee Hendrie,53,g	Reebok Stadium
2003-2004	2004-05-10	Leicester City	0	NULL	Fulham	2	Collins John,66,g;Collins John,89,g	Walkers Stadium
2003-2004	2004-05-10	Birmingham	1	Martin Grainger,39,g	Manchester United	2	Cristiano Ronaldo,60,g;Louis Saha,78,g	St. Andrews
2003-2004	2004-05-10	Manchester City	3	Nicolas Anelka,25,g;Antoine Sibierski,39,g;S Wright-Phillips,90,g	Wolverhampton	3	Mark Kennedy,13,g;Carl Cort,23,g;Henri Camara,78,g	City of Manchester Stadium
2003-2004	2004-05-10	Chelsea	0	NULL	Middlesboro	0	NULL	Stamford Bridge
2003-2004	2004-05-10	Charlton Athletic	1	Sean Bartlett,8,g	Portsmouth	1	Yakubu Ayegbeni,65,g	The Valley
2003-2004	2004-05-10	Blackburn Rovers	1	Craig Short,90,g	Leeds United	2	Stephen Caldwell,2,g;Mark Viduka,89,g	Ewood Park
2003-2004	2004-05-09	Everton	3	David Unsworth,17,g;Gary Naysmith,24,g;Joseph Yobo,40,g	Tottenham Hotspur	1	Stephen Carr,75,g	Goodison Park
2003-2004	2004-05-09	Arsenal	4	Thierry Henry,31,g;Robert Pires,49,g;Thierry Henry,50,g;Thierry Henry,78,g	Liverpool	2	Sami Hyypia,5,g;Michael Owen,42,g	Highbury
2003-2004	2004-05-05	Leeds United	3	Michael Duberry,11,g;Mark Viduka,13,g;Alan Smith,86,g	Leicester City	2	Paul Dickov,77,g;Muzzy Izzet,79,g	Elland Road
2003-2004	2004-05-04	Aston Villa	1	Juan Pablo Angel,26,g	Manchester City	1	Sylvain Distin,82,g	Villa Park
2003-2004	2004-05-04	Liverpool	4	Michael Owen,7,g;Andrew Todd,22,og;Michael Owen,24,g;Emile Heskey,79,g	Blackburn Rovers	0	NULL	Anfield
2003-2004	2004-05-03	Middlesboro	2	Kevin Nolan,10,og;Jonathan Greening,51,g	Bolton Wanderers	0	NULL	Riverside Stadium
2003-2004	2004-05-03	Tottenham Hotspur	0	NULL	Chelsea	1	Jimmy Hasselbaink,38,g	White Hart Lane
2003-2004	2004-05-03	Fulham	0	NULL	Birmingham	0	NULL	Craven Cottage
2003-2004	2004-05-03	Wolverhampton	1	Henri Camara,72,g	Southampton	4	James Beattie,25,g;Claus Lundekvam,58,g;Kevin Phillips,89,g;Kevin Phillips,90,g	Molineux Stadium
2003-2004	2004-05-03	Newcastle United	4	Craig Bellamy,5,g;Kieron Dyer,21,g;Alan Shearer,52,g;Alan Shearer,90,g	Everton	2	Thomas Gravesen,12,g;Joseph Yobo,81,g	St. James Park
2003-2004	2004-04-28	Bolton Wanderers	1	Henrik Pedersen,4,g	Newcastle United	0	NULL	Reebok Stadium
2003-2004	2004-04-28	Leicester City	0	NULL	Liverpool	0	NULL	Walkers Stadium
2003-2004	2004-04-28	Arsenal	1	Thierry Henry,50,g	Manchester United	1	Louis Saha,86,g	Highbury
2003-2004	2004-04-27	Southampton	1	Rory Delap,64,g	Tottenham Hotspur	0	NULL	St Mary's Stadium
2003-2004	2004-04-27	Chelsea	5	Mario Melchiot,4,g;Frank Lampard,70,g;Jimmy Hasselbaink,79,g;Jimmy Hasselbaink,87,g;Jimmy Hasselbaink,90,g	Wolverhampton	2	Henri Camara,23,g;Jody Craddock,57,g	Stamford Bridge
2003-2004	2004-04-27	Blackburn Rovers	1	Kerimoglu Tugay,37,g	Portsmouth	2	Teddy Sheringham,17,g;Yakubu Ayegbeni,82,g	Ewood Park
2003-2004	2004-04-27	Everton	1	Tomas Radzinski,78,g	Middlesboro	1	Joseph-Desire Job,83,g	Goodison Park
2003-2004	2004-04-27	Charlton Athletic	1	Carlton Cole,8,g	Aston Villa	2	Darius Vassell,24,g;Jlloyd Samuel,54,g	The Valley
2003-2004	2004-04-27	Birmingham	4	Bryan Hughes,12,g;Bryan Hughes,67,g;Mikael Forssell,69,g;Mikael Forssell,81,pen	Leeds United	1	Mark Viduka,3,g	St. Andrews
2003-2004	2004-04-22	Leeds United	2	Stephen McPhail,23,g;Mark Viduka,76,pen	Manchester City	1	Nicolas Anelka,44,g	Elland Road
2003-2004	2004-04-21	Portsmouth	1	Yakubu Ayegbeni,68,g	Southampton	0	NULL	Fratton Park
2003-2004	2004-04-20	Leicester City	1	Marcus Bent,90,g	Everton	1	Wayne Rooney,75,g	Walkers Stadium
2003-2004	2004-04-20	Manchester United	3	Ryan Giggs,30,g;Cristiano Ronaldo,89,g;David Bellion,90,g	Tottenham Hotspur	0	NULL	Old Trafford
2003-2004	2004-04-20	Liverpool	1	Sami Hyypia,90,g	Wolverhampton	0	NULL	Anfield
2003-2004	2004-04-20	Aston Villa	0	NULL	Blackburn Rovers	2	Garry Flitcroft,26,g;Jonathan Stead,36,g	Villa Park
2003-2004	2004-04-20	Middlesboro	5	Gaizka Mendieta,5,g;Massimo Maccarone,21,g;Gareth Southgate,30,g;Massimo Maccarone,45,g;Szilard Nemeth,90,g	Birmingham	3	Mikael Forssell,23,g;Clinton Morrison,45,g;Mikael Forssell,59,g	Riverside Stadium
2003-2004	2004-04-20	Newcastle United	3	Alan Shearer,2,g;Jermaine Jenas,35,g;Alan Shearer,77,g	Charlton Athletic	1	Claus Jensen,54,g	St. James Park
2003-2004	2004-04-20	Chelsea	2	Eidur Gudjohnsen,7,g;Damien Duff,30,g	Fulham	1	Mark Pembridge,19,g	Stamford Bridge
2003-2004	2004-04-20	Arsenal	2	Robert Pires,16,g;Dennis Bergkamp,24,g	Bolton Wanderers	1	Ivan Campo,41,g	Highbury
2003-2004	2004-04-17	Liverpool	3	Dietmar Hamann,6,g;Michael Owen,28,g;Michael Owen,58,g	Portsmouth	0	NULL	Anfield
2003-2004	2004-04-14	Southampton	2	James Beattie,51,g;Kevin Phillips,86,g	Liverpool	0	NULL	St Mary's Stadium
2003-2004	2004-04-14	Manchester City	4	Robbie Fowler,3,g;Jonathan Macken,33,g;Trevor Sinclair,73,g;S Wright-Phillips,90,g	Manchester United	1	Paul Scholes,35,g	City of Manchester Stadium
2003-2004	2004-04-14	Tottenham Hotspur	1	Andrew O'Brien,86,og	Newcastle United	0	NULL	White Hart Lane
2003-2004	2004-04-14	Wolverhampton	0	NULL	Aston Villa	4	Tomas Hitzlsperger,7,g;Olof Mellberg,18,g;Juan Pablo Angel,24,g;Juan Pablo Angel,59,g	Molineux Stadium
2003-2004	2004-04-13	Blackburn Rovers	0	NULL	Arsenal	2	Thierry Henry,53,g;Robert Pires,87,g	Ewood Park
2003-2004	2004-04-13	Charlton Athletic	1	Matt Holland,25,g	Middlesboro	0	NULL	The Valley
2003-2004	2004-04-13	Birmingham	0	NULL	Leicester City	1	Les Ferdinand,53,g	St. Andrews
2003-2004	2004-04-13	Fulham	2	Sean Davis,71,g;Luis Boa Morte,83,g	Leeds United	0	NULL	Craven Cottage
2003-2004	2004-04-13	Bolton Wanderers	0	NULL	Chelsea	2	John Terry,71,g;Damien Duff,74,g	Reebok Stadium
2003-2004	2004-04-13	Everton	1	Wayne Rooney,78,g	Portsmouth	0	NULL	Goodison Park
2003-2004	2004-04-09	Middlesboro	1	Szilard Nemeth,73,g	Tottenham Hotspur	0	NULL	Riverside Stadium
2003-2004	2004-04-06	Birmingham	2	Mikael Forssell,24,g;Bryan Hughes,72,g	Bolton Wanderers	0	NULL	St. Andrews
2003-2004	2004-04-03	Birmingham	3	Martin Taylor,23,g;Robbie Savage,57,g;Mikael Forssell,79,g	Middlesboro	1	Szilard Nemeth,75,g	St. Andrews
2003-2004	2004-03-29	Portsmouth	1	T Lua-Lua,89,g	Newcastle United	1	Craig Bellamy,34,g	Fratton Park
2003-2004	2004-03-29	Leeds United	2	Eirik Bakke,29,g;Mark Viduka,34,g	Liverpool	2	Harry Kewell,21,g;Milan Baros,42,g	Elland Road
2003-2004	2004-03-28	Fulham	1	Luis Boa Morte,64,g	Manchester United	1	Louis Saha,14,g	Craven Cottage
2003-2004	2004-03-28	Arsenal	2	Robert Pires,2,g;Thierry Henry,4,g	Charlton Athletic	1	Claus Jensen,59,g	Highbury
2003-2004	2004-03-28	Leicester City	0	NULL	Wolverhampton	0	NULL	Walkers Stadium
2003-2004	2004-03-28	Manchester City	0	NULL	Chelsea	1	Eidur Gudjohnsen,82,g	City of Manchester Stadium
2003-2004	2004-03-28	Everton	2	Tomas Radzinski,78,g;Thomas Gravesen,84,g	Aston Villa	0	NULL	Goodison Park
2003-2004	2004-03-28	Blackburn Rovers	1	Andy Cole,51,g	Southampton	1	Kevin Phillips,5,g	Ewood Park
2003-2004	2004-03-22	Aston Villa	2	Darius Vassell,20,g;Tomas Hitzlsperger,47,g	Birmingham	2	Mikael Forssell,61,g;Stern John,90,g	Villa Park
2003-2004	2004-03-22	Tottenham Hotspur	4	Michael Brown,6,g;Jermain Defoe,13,g;Robbie Keane,27,g;Jermain Defoe,88,g	Leicester City	4	Gary Doherty,9,og;Les Ferdinand,51,g;Ben Thatcher,72,g;Marcus Bent,77,g	White Hart Lane
2003-2004	2004-03-21	Wolverhampton	2	Paul Ince,20,g;Carl Cort,51,g	Fulham	1	Steed Malbranque,84,g	Molineux Stadium
2003-2004	2004-03-21	Manchester United	1	Paul Scholes,64,g	Leeds United	1	Alan Smith,67,g	Old Trafford
2003-2004	2004-03-21	Southampton	3	Kevin Phillips,54,g;James Beattie,82,pen;Fabrice Fernandes,90,g	Everton	3	Wayne Rooney,7,g;Duncan Ferguson,30,g;Wayne Rooney,78,g	St Mary's Stadium
2003-2004	2004-03-21	Bolton Wanderers	1	Kevin Nolan,22,g	Manchester City	3	Robbie Fowler,27,g;Robbie Fowler,33,g;Simon Charlton,50,og	Reebok Stadium
2003-2004	2004-03-21	Chelsea	1	Eidur Gudjohnsen,1,g	Arsenal	2	Patrick Vieira,15,g;Edu,21,g	Stamford Bridge
2003-2004	2004-03-21	Newcastle United	2	Craig Bellamy,63,g;Alan Shearer,83,pen	Middlesboro	1	Boudewijn Zenden,33,g	St. James Park
2003-2004	2004-03-21	Charlton Athletic	3	Carlton Cole,10,g;Jason Euell,37,g;Claus Jensen,90,g	Blackburn Rovers	2	Andy Cole,74,g;Brad Friedel,90,g	The Valley
2003-2004	2004-03-11	Fulham	1	Luis Boa Morte,1,g	Aston Villa	2	Juan Pablo Angel,13,g;Darius Vassell,32,g	Craven Cottage
2003-2004	2004-03-11	Liverpool	2	Michael Owen,3,g;Steven Gerrard,51,g	Manchester City	1	S Wright-Phillips,50,g	Anfield
2003-2004	2004-03-11	Manchester United	2	Ruud van Nistelrooy,45,g;Ryan Giggs,63,g	Middlesboro	3	Juninho Paulista,34,g;Juninho Paulista,38,g;Joseph-Desire Job,80,g	Old Trafford
2003-2004	2004-03-11	Portsmouth	0	NULL	Chelsea	2	Scott Parker,17,g;Hernan Crespo,79,g	Fratton Park
2003-2004	2004-03-11	Charlton Athletic	2	Graham Stuart,51,g;Chris Perry,81,g	Tottenham Hotspur	4	Simon Davies,10,g;Jermain Defoe,43,g;Ledley King,46,g;Johnnie Jackson,85,g	The Valley
2003-2004	2004-03-11	Blackburn Rovers	1	Jonathan Stead,85,g	Newcastle United	1	Craig Bellamy,52,g	Ewood Park
2003-2004	2004-03-11	Birmingham	3	Damien Johnson,8,g;Stan Lazarides,39,g;Mikael Forssell,49,g	Everton	0	NULL	St. Andrews
2003-2004	2004-03-10	Leicester City	1	Les Ferdinand,16,g	Bolton Wanderers	1	Ian Walker,33,og	Walkers Stadium
2003-2004	2004-03-10	Leeds United	4	Alan Smith,14,g;Dominic Matteo,41,g;James Milner,62,g;Mark Viduka,90,g	Wolverhampton	1	Ioan Viorel Ganea,21,g	Elland Road
2003-2004	2004-03-10	Arsenal	2	Thierry Henry,31,g;Thierry Henry,90,g	Southampton	0	NULL	Highbury
2003-2004	2004-03-08	Chelsea	1	Jimmy Hasselbaink,28,pen	Charlton Athletic	0	NULL	Stamford Bridge
2003-2004	2004-03-08	Manchester City	0	NULL	Birmingham	0	NULL	City of Manchester Stadium
2003-2004	2004-03-07	Tottenham Hotspur	4	Jermain Defoe,13,g;Robbie Keane,42,g;Robbie Keane,79,g;Gustavo Poyet,89,g	Portsmouth	3	Eyal Berkovic,39,g;Lomana T LuaLua,73,g;Ivica Mornar,84,g	White Hart Lane
2003-2004	2004-03-07	Newcastle United	3	Shola Ameobi,30,g;Gerry Taggart,37,og;Jermaine Jenas,59,g	Leicester City	1	Les Ferdinand,80,g	St. James Park
2003-2004	2004-03-07	Bolton Wanderers	2	Nicky Hunt,11,g;Youri Djorkaeff,58,g	Liverpool	2	Sami Hyypia,51,g;Steven Gerrard,69,g	Reebok Stadium
2003-2004	2004-03-07	Wolverhampton	1	Ioan Viorel Ganea,26,g	Arsenal	3	Dennis Bergkamp,9,g;Thierry Henry,58,g;Kolo Toure,63,g	Molineux Stadium
2003-2004	2004-03-07	Middlesboro	0	NULL	Blackburn Rovers	1	Jonathan Stead,39,g	Riverside Stadium
2003-2004	2004-03-07	Aston Villa	2	Juan Pablo Angel,45,pen;Ronny Johnsen,59,g	Leeds United	0	NULL	Villa Park
2003-2004	2004-03-07	Everton	3	David Unsworth,49,g;John O'Shea,65,og;Kevin Kilbane,75,g	Manchester United	4	Louis Saha,9,g;Ruud van Nistelrooy,24,g;Louis Saha,29,g;Ruud van Nistelrooy,89,g	Goodison Park
2003-2004	2004-03-07	Southampton	0	NULL	Fulham	0	NULL	St Mary's Stadium
2003-2004	2004-03-01	Arsenal	2	Michael Tarnat,39,og;Thierry Henry,83,g	Manchester City	1	Nicolas Anelka,89,g	Highbury
2003-2004	2004-03-01	Blackburn Rovers	2	Garry Flitcroft,3,g;Paul Gallagher,87,g	Chelsea	3	Frank Lampard,25,g;Frank Lampard,35,g;Glen Johnson,88,g	Ewood Park
2003-2004	2004-03-02	Fulham	2	Steed Malbranque,45,pen;Brian McBride,67,g	Tottenham Hotspur	1	Robbie Keane,18,pen	Craven Cottage
2003-2004	2004-03-02	Birmingham	1	Stern John,90,g	Newcastle United	1	Gary Speed,37,g	St. Andrews
2003-2004	2004-03-02	Leeds United	0	NULL	Middlesboro	3	Boudewijn Zenden,53,g;Joseph-Desire Job,77,g;Michael Ricketts,89,pen	Elland Road
2003-2004	2004-03-02	Leicester City	0	NULL	Aston Villa	5	Darius Vassell,50,g;Peter Crouch,57,g;Darius Vassell,60,g;Dion Dublin,64,g;Peter Crouch,68,g	Walkers Stadium
2003-2004	2004-03-02	Charlton Athletic	1	Jonatan Johansson,12,g	Bolton Wanderers	2	Henrik Pedersen,1,g;Kevin Nolan,78,g	The Valley
2003-2004	2004-03-02	Portsmouth	0	NULL	Wolverhampton	0	NULL	Fratton Park
2003-2004	2004-03-02	Liverpool	0	NULL	Everton	0	NULL	Anfield
2003-2004	2004-03-02	Manchester United	3	Louis Saha,18,g;Paul Scholes,37,g;Ruud van Nistelrooy,61,g	Southampton	2	Kevin Phillips,38,g;Kevin Phillips,53,g	Old Trafford
2003-2004	2004-02-22	Wolverhampton	1	Kenny Miller,90,g	Liverpool	1	Bruno Cheyrou,42,g	Molineux Stadium
2003-2004	2004-02-20	Newcastle United	3	Andrew O'Brien,4,g;Gary Speed,41,g;Laurent Robert,54,g	Fulham	1	Sean Davis,74,g	St. James Park
2003-2004	2004-02-18	Chelsea	0	NULL	Birmingham	0	NULL	Stamford Bridge
2003-2004	2004-02-18	Aston Villa	0	NULL	Arsenal	2	Thierry Henry,29,g;Thierry Henry,53,pen	Villa Park
2003-2004	2004-02-17	Wolverhampton	1	Kenny Miller,67,g	Manchester United	0	NULL	Molineux Stadium
2003-2004	2004-02-17	Bolton Wanderers	1	Kevin Davies,53,g	Portsmouth	0	NULL	Reebok Stadium
2003-2004	2004-02-17	Middlesboro	3	Juninho Paulista,8,g;Massimo Maccarone,90,g;John Curtis,90,og	Leicester City	3	Paul Dickov,49,g;Paul Dickov,65,g;Marcus Bent,76,g	Riverside Stadium
2003-2004	2004-02-17	Manchester City	1	Nicolas Anelka,50,g	Blackburn Rovers	1	Garry Flitcroft,55,g	City of Manchester Stadium
2003-2004	2004-02-17	Southampton	2	Brett Ormerod,36,g;Kevin Phillips,43,g	Leeds United	1	Matthew Kilgallon,75,g	St Mary's Stadium
2003-2004	2004-02-17	Everton	0	NULL	Charlton Athletic	1	Graham Stuart,41,g	Goodison Park
2003-2004	2004-02-11	Manchester United	0	NULL	Newcastle United	0	NULL	Old Trafford
2003-2004	2004-02-11	Leicester City	0	NULL	Chelsea	4	Jimmy Hasselbaink,12,g;Jimmy Hasselbaink,44,g;Adrian Mutu,88,g;Celestine Babayaro,90,g	Walkers Stadium
2003-2004	2004-02-10	Leeds United	0	NULL	Tottenham Hotspur	1	Robbie Keane,56,g	Elland Road
2003-2004	2004-02-10	Liverpool	1	Mark Delaney,36,og	Aston Villa	0	NULL	Anfield
2003-2004	2004-02-10	Portsmouth	4	Dejan Stefanovic,19,g;Aiyegbeni Yakubu,52,g;Teddy Sheringham,58,g;Aiyegbeni Yakubu,77,g	Manchester City	2	Nicolas Anelka,21,g;Antoine Sibierski,45,g	Fratton Park
2003-2004	2004-02-10	Charlton Athletic	2	Jason Euell,38,g;Jason Euell,79,g	Wolverhampton	0	NULL	The Valley
2003-2004	2004-02-10	Fulham	2	Louis Saha,45,pen;Steed Malbranque,46,g	Everton	1	Kevin Kilbane,81,g	Craven Cottage
2003-2004	2004-02-10	Blackburn Rovers	3	Vratislav Gresko,3,g;Dwight Yorke,24,g;Andy Cole,34,g	Bolton Wanderers	4	Kevin Nolan,1,g;Youri Djorkaeff,43,g;S Giannakopoulos,73,g;Kevin Nolan,78,g	Ewood Park
2003-2004	2004-02-10	Arsenal	4	Thierry Henry,38,pen;Franck Queudrue,45,og;Robert Pires,57,g;Fredrik Ljungberg,68,g	Middlesboro	1	Massimo Maccarone,86,pen	Highbury
2003-2004	2004-02-10	Birmingham	2	Stephen Clemence,16,g;Jeff Kenna,67,g	Southampton	1	Brett Ormerod,6,g	St. Andrews
2003-2004	2004-02-08	Wolverhampton	2	Paul Butler,63,g;Alex Rae,72,g	Blackburn Rovers	2	Andy Cole,14,g;Dwight Yorke,78,g	Molineux Stadium
2003-2004	2004-02-08	Chelsea	0	NULL	Liverpool	1	Bruno Cheyrou,33,g	Stamford Bridge
2003-2004	2004-02-08	Newcastle United	1	Alan Shearer,4,g	Leeds United	0	NULL	St. James Park
2003-2004	2004-02-08	Southampton	0	NULL	Leicester City	0	NULL	St Mary's Stadium
2003-2004	2004-02-08	Everton	1	Tomas Radzinski,75,g	Arsenal	1	Nwankwo Kanu,29,g	Goodison Park
2003-2004	2004-02-08	Manchester City	1	Robbie Fowler,39,g	Charlton Athletic	1	Paolo Di Canio,84,g	City of Manchester Stadium
2003-2004	2004-02-08	Tottenham Hotspur	4	Stephane Dalmat,10,g;Stephane Dalmat,24,g;Simon Davies,39,g;Robbie Keane,79,g	Birmingham	1	Robbie Savage,68,pen	White Hart Lane
2003-2004	2004-02-08	Bolton Wanderers	1	Youri Djorkaeff,89,g	Manchester United	2	Paul Scholes,24,g;Ruud van Nistelrooy,39,g	Reebok Stadium
2003-2004	2004-02-08	Middlesboro	2	Joseph-Desire Job,15,g;Szilard Nemeth,67,g	Fulham	1	Barry Hayles,90,g	Riverside Stadium
2003-2004	2004-02-07	Aston Villa	2	Juan Pablo Angel,22,g;Darius Vassell,85,g	Portsmouth	1	Aiyegbeni Yakubu,0,g	Villa Park
2003-2004	2004-01-30	Southampton	0	NULL	Arsenal	1	Robert Pires,35,g	St Mary's Stadium
2003-2004	2004-01-28	Middlesboro	0	NULL	Manchester United	1	Danny Mills,14,og	Riverside Stadium
2003-2004	2004-01-28	Tottenham Hotspur	0	NULL	Charlton Athletic	1	Carlton Cole,69,g	White Hart Lane
2003-2004	2004-01-28	Everton	1	Wayne Rooney,69,g	Birmingham	0	NULL	Goodison Park
2003-2004	2004-01-28	Newcastle United	0	NULL	Blackburn Rovers	1	Paul Gallagher,72,g	St. James Park
2003-2004	2004-01-28	Bolton Wanderers	2	Bruno N'Gotty,35,g;Ivan Campo,54,g	Leicester City	2	Marcus Bent,18,g;Les Ferdinand,90,g	Reebok Stadium
2003-2004	2004-01-28	Wolverhampton	3	Alan Smith,18,og;Steffen Iversen,48,g;Steffen Iversen,90,g	Leeds United	1	Michael Duberry,3,g	Molineux Stadium
2003-2004	2004-01-28	Manchester City	2	Nicolas Anelka,30,pen;Robbie Fowler,90,g	Liverpool	2	Vladimir Smicer,66,g;Dietmar Hamann,80,g	City of Manchester Stadium
2003-2004	2004-01-28	Aston Villa	3	Juan Pablo Angel,33,g;Darius Vassell,67,g;Darius Vassell,82,g	Fulham	0	NULL	Villa Park
2003-2004	2004-01-28	Chelsea	3	Wayne Bridge,65,g;Frank Lampard,73,g;Njitap Geremi,82,g	Portsmouth	0	NULL	Stamford Bridge
2003-2004	2004-01-26	Birmingham	2	Jeff Kenna,81,g;Mikael Forssell,87,g	Manchester City	1	Robbie Fowler,14,g	St. Andrews
2003-2004	2004-01-26	Liverpool	3	Sami Hyypia,30,g;F Sinama-Pongolle,47,g;Vladimir Smicer,54,g	Bolton Wanderers	1	Henrik Pedersen,85,g	Anfield
2003-2004	2004-01-26	Leeds United	0	NULL	Aston Villa	0	NULL	Elland Road
2003-2004	2004-01-26	Manchester United	3	Nicky Butt,9,g;Jose Kleberson,44,g;David Bellion,68,g	Everton	2	Gary Neville,13,og;Duncan Ferguson,90,g	Old Trafford
2003-2004	2004-01-26	Blackburn Rovers	2	Markus Babbel,3,g;Markus Babbel,90,g	Middlesboro	2	Juninho Paulista,31,g;Juninho Paulista,51,g	Ewood Park
2003-2004	2004-01-26	Leicester City	1	Paul Dickov,67,g	Newcastle United	1	Darren Ambrose,90,g	Walkers Stadium
2003-2004	2004-01-26	Portsmouth	2	Patrik Berger,52,g;Patrik Berger,68,g	Tottenham Hotspur	0	NULL	Fratton Park
2003-2004	2004-01-26	Fulham	2	Louis Saha,19,g;Louis Saha,63,pen	Southampton	0	NULL	Craven Cottage
2003-2004	2004-01-26	Charlton Athletic	4	Hermann Hreidarsson,1,g;Matt Holland,35,g;Jonatan Johansson,48,g;Jason Euell,53,g	Chelsea	2	John Terry,10,g;Eidur Gudjohnsen,73,g	The Valley
2003-2004	2004-01-26	Arsenal	3	Jody Craddock,13,og;Thierry Henry,20,g;Thierry Henry,89,g	Wolverhampton	0	NULL	Highbury
2003-2004	2004-01-23	Manchester City	1	Antoine Sibierski,82,g	Leeds United	1	Mark Viduka,24,g	City of Manchester Stadium
2003-2004	2004-01-21	Tottenham Hotspur	1	Gustavo Poyet,63,g	Manchester United	2	John O'Shea,15,g;Ruud van Nistelrooy,25,g	White Hart Lane
2003-2004	2004-01-21	Southampton	3	Jason Dodd,34,g;Marian Pahars,67,g;James Beattie,90,g	Portsmouth	0	NULL	St Mary's Stadium
2003-2004	2004-01-20	Bolton Wanderers	1	Henrik Pedersen,83,g	Arsenal	1	Robert Pires,57,g	Reebok Stadium
2003-2004	2004-01-20	Blackburn Rovers	0	NULL	Aston Villa	2	Stefan Moore,62,g;Juan Pablo Angel,75,g	Ewood Park
2003-2004	2004-01-20	Everton	3	Steve Howey,33,og;Wayne Rooney,71,g;Tomas Radzinski,79,g	Leicester City	2	Les Ferdinand,45,g;James Scowcroft,58,g	Goodison Park
2003-2004	2004-01-20	Charlton Athletic	0	NULL	Newcastle United	0	NULL	The Valley
2003-2004	2004-01-20	Fulham	0	NULL	Chelsea	1	Hernan Crespo,62,g	Craven Cottage
2003-2004	2004-01-14	Leeds United	3	Michael Duberry,41,g;Mark Viduka,46,g;Dominic Matteo,88,g	Fulham	2	Louis Saha,47,g;Louis Saha,86,g	Elland Road
2003-2004	2004-01-14	Arsenal	1	Dennis Bergkamp,11,g	Blackburn Rovers	0	NULL	Highbury
2003-2004	2004-01-14	Aston Villa	3	Juan Pablo Angel,21,g;Juan Pablo Angel,24,g;Gareth Barry,48,g	Wolverhampton	2	Alex Rae,36,g;Mark Kennedy,80,g	Villa Park
2003-2004	2004-01-13	Middlesboro	0	NULL	Charlton Athletic	0	NULL	Riverside Stadium
2003-2004	2004-01-13	Chelsea	1	Hernan Crespo,22,g	Bolton Wanderers	2	Bruno N'Gotty,39,g;John Terry,90,og	Stamford Bridge
2003-2004	2004-01-13	Liverpool	1	Emile Heskey,75,g	Southampton	2	Brett Ormerod,2,g;Michael Svensson,64,g	Anfield
2003-2004	2004-01-13	Newcastle United	4	Laurent Robert,35,g;Laurent Robert,55,g;Alan Shearer,59,g;Alan Shearer,66,g	Tottenham Hotspur	0	NULL	St. James Park
2003-2004	2004-01-13	Portsmouth	1	Jason Roberts,15,g	Everton	2	Lee Carsley,27,g;Wayne Rooney,42,g	Fratton Park
2003-2004	2004-01-13	Manchester United	3	Paul Scholes,7,g;Ruud van Nistelrooy,34,g;Paul Scholes,73,g	Manchester City	1	S Wright-Phillips,52,g	Old Trafford
2003-2004	2004-01-13	Leicester City	0	NULL	Birmingham	2	Clinton Morrison,42,g;Mikael Forssell,66,g	Walkers Stadium
2003-2004	2004-01-07	Southampton	3	Michael Svensson,6,g;Brett Ormerod,45,g;Brett Ormerod,86,g	Charlton Athletic	2	Scott Parker,46,g;Scott Parker,65,g	St Mary's Stadium
2003-2004	2004-01-07	Everton	0	NULL	Manchester City	0	NULL	Goodison Park
2003-2004	2004-01-06	Manchester United	4	Ruud van Nistelrooy,16,g;Ruud van Nistelrooy,45,g;Diego Forlan,90,g	Aston Villa	0	NULL	Old Trafford
2003-2004	2004-01-06	Tottenham Hotspur	5	Robbie Keane,29,g;Frederic Kanoute,50,g;Robbie Keane,75,g;Robbie Keane,83,g;Stephane Dalmat,90,g	Wolverhampton	2	Paul Ince,30,g;Alex Rae,84,g	White Hart Lane
2003-2004	2004-01-06	Leicester City	1	Craig Hignett,90,g	Arsenal	1	Gilberto Silva,60,g	Walkers Stadium
2003-2004	2004-01-06	Fulham	2	Sean Davis,75,g;Facundo Sava,76,g	Bolton Wanderers	1	Kevin Davies,53,g	Craven Cottage
2003-2004	2004-01-06	Leeds United	1	Jermaine Pennant,18,g	Chelsea	1	Damien Duff,70,g	Elland Road
2003-2004	2004-01-06	Birmingham	0	NULL	Blackburn Rovers	4	Barry Ferguson,66,g;Lucas Neill,68,g;Kerimoglu Tugay,82,g;Paul Gallagher,88,g	St. Andrews
2003-2004	2004-01-06	Middlesboro	0	NULL	Portsmouth	0	NULL	Riverside Stadium
2003-2004	2004-01-06	Newcastle United	1	Alan Shearer,63,pen	Liverpool	1	Danny Murphy,6,g	St. James Park
2003-2004	2003-12-30	Chelsea	1	Frank Lampard,30,pen	Manchester United	0	NULL	Stamford Bridge
2003-2004	2003-12-30	Liverpool	3	Steven Gerrard,35,pen;Harry Kewell,69,g;Emile Heskey,78,g	Birmingham	1	Mikael Forssell,33,g	Anfield
2003-2004	2003-12-30	Manchester City	0	NULL	Middlesboro	1	Sun Jihai,30,og	City of Manchester Stadium
2003-2004	2003-12-30	Arsenal	0	NULL	Fulham	0	NULL	Highbury
2003-2004	2003-12-29	Blackburn Rovers	1	Vratislav Gresko,78,g	Tottenham Hotspur	0	NULL	Ewood Park
2003-2004	2003-12-29	Portsmouth	0	NULL	Leicester City	2	Les Ferdinand,31,g;Marcus Bent,59,g	Fratton Park
2003-2004	2003-12-29	Charlton Athletic	0	NULL	Leeds United	1	James Milner,9,g	The Valley
2003-2004	2003-12-29	Bolton Wanderers	2	Per Frandsen,26,g;Youri Djorkaeff,46,g	Everton	0	NULL	Reebok Stadium
2003-2004	2003-12-29	Wolverhampton	1	Nathan Blake,27,g	Newcastle United	1	Alan Shearer,31,g	Molineux Stadium
2003-2004	2003-12-25	Fulham	2	Louis Saha,30,g;Louis Saha,33,g	Portsmouth	0	NULL	Craven Cottage
2003-2004	2003-12-24	Tottenham Hotspur	2	Rohan Ricketts,78,g;Robbie Keane,81,g	Aston Villa	1	Marcus Allback,66,g	White Hart Lane
2003-2004	2003-12-22	Southampton	0	NULL	Chelsea	1	Mario Melchiot,47,g	St Mary's Stadium
2003-2004	2003-12-22	Everton	2	Tomas Radzinski,16,g;Kevin Kilbane,19,g	Wolverhampton	0	NULL	Goodison Park
2003-2004	2003-12-22	Middlesboro	0	NULL	Liverpool	0	NULL	Riverside Stadium
2003-2004	2003-12-22	Birmingham	0	NULL	Arsenal	3	Fredrik Ljungberg,4,g;Dennis Bergkamp,80,g;Robert Pires,88,g	St. Andrews
2003-2004	2003-12-22	Newcastle United	3	Shola Ameobi,57,g;Alan Shearer,77,g;Alan Shearer,85,g	Manchester City	0	NULL	St. James Park
2003-2004	2003-12-22	Leeds United	0	NULL	Bolton Wanderers	2	Kevin Davies,16,g;S Giannakopoulos,17,g	Elland Road
2003-2004	2003-12-22	Leicester City	1	Les Ferdinand,39,g	Charlton Athletic	1	Paolo Di Canio,84,pen	Walkers Stadium
2003-2004	2003-12-22	Manchester United	2	Ruud van Nistelrooy,24,g;Jose Kleberson,38,g	Blackburn Rovers	1	Brett Emerton,62,g	Old Trafford
2003-2004	2003-12-11	Blackburn Rovers	2	Markus Babbel,6,g;Dwight Yorke,13,g	Everton	1	Tomas Radzinski,49,g	Ewood Park
2003-2004	2003-12-09	Chelsea	5	Glen Johnson,25,g;Hernan Crespo,40,g;Frank Lampard,42,pen;Damien Duff,78,g;Eidur Gudjohnsen,84,g	Newcastle United	0	NULL	Stamford Bridge
2003-2004	2003-12-09	Manchester City	0	NULL	Leicester City	3	Jordan Stewart,12,g;Paul Dickov,53,pen;Marcus Bent,58,g	City of Manchester Stadium
2003-2004	2003-12-09	Liverpool	1	Harry Kewell,76,g	Manchester United	2	Ryan Giggs,59,g;Ryan Giggs,70,g	Anfield
2003-2004	2003-12-08	Aston Villa	0	NULL	Middlesboro	2	Boudewijn Zenden,30,g;Michael Ricketts,49,pen	Villa Park
2003-2004	2003-12-08	Bolton Wanderers	0	NULL	Southampton	0	NULL	Reebok Stadium
2003-2004	2003-12-08	Portsmouth	6	Dejan Stefanovic,17,g;Gary O'Neil,45,g;Hayden Foxe,63,g;Gary O'Neil,71,g;Patrik Berger,75,g;Aiyegbeni Yakubu,86,g	Leeds United	1	Alan Smith,19,g	Fratton Park
2003-2004	2003-12-08	Arsenal	2	Robert Pires,69,g;Fredrik Ljungberg,79,g	Tottenham Hotspur	1	Darren Anderton,5,g	Highbury
2003-2004	2003-12-08	Charlton Athletic	3	Graham Stuart,10,g;Jonatan Johansson,69,g;Jonatan Johansson,76,g	Fulham	1	Sean Davis,89,g	The Valley
2003-2004	2003-12-08	Wolverhampton	1	Steffen Iversen,66,g	Birmingham	1	Mikael Forssell,49,g	Molineux Stadium
2003-2004	2003-12-04	Birmingham	1	Christophe Dugarry,64,g	Charlton Athletic	2	Matt Holland,11,g;Matt Holland,59,g	St. Andrews
2003-2004	2003-12-02	Leicester City	2	Marcus Bent,75,g;Steve Howey,82,g	Blackburn Rovers	0	NULL	Walkers Stadium
2003-2004	2003-12-02	Fulham	1	Louis Saha,40,g	Liverpool	2	Emile Heskey,17,g;Danny Murphy,89,pen	Craven Cottage
2003-2004	2003-12-01	Tottenham Hotspur	0	NULL	Bolton Wanderers	1	Kevin Nolan,73,g	White Hart Lane
2003-2004	2003-12-01	Newcastle United	1	Laurent Robert,45,g	Aston Villa	1	Dion Dublin,11,g	St. James Park
2003-2004	2003-12-01	Leeds United	1	Alan Smith,64,g	Arsenal	4	Thierry Henry,8,g;Robert Pires,17,g;Thierry Henry,33,g;Gilberto Silva,50,g	Elland Road
2003-2004	2003-12-01	Middlesboro	2	Gaizka Mendieta,73,g;Juninho Paulista,83,g	Wolverhampton	0	NULL	Riverside Stadium
2003-2004	2003-12-01	Manchester United	3	Diego Forlan,37,g;Cristiano Ronaldo,80,g;Roy Keane,82,g	Portsmouth	0	NULL	Old Trafford
2003-2004	2003-12-01	Everton	0	NULL	Chelsea	1	Adrian Mutu,49,g	Goodison Park
2003-2004	2003-12-01	Southampton	0	NULL	Manchester City	2	Robbie Fowler,4,g;Paulo Wanchope,85,g	St Mary's Stadium
2003-2004	2003-11-26	Tottenham Hotspur	0	NULL	Middlesboro	0	NULL	White Hart Lane
2003-2004	2003-11-26	Charlton Athletic	1	Paolo Di Canio,28,pen	Arsenal	1	Thierry Henry,39,g	The Valley
2003-2004	2003-11-25	Manchester United	1	Diego Forlan,45,g	Fulham	3	Lee Clark,3,g;Steed Malbranque,66,g;Junichi Inamoto,79,g	Old Trafford
2003-2004	2003-11-25	Newcastle United	3	Gary Speed,17,g;Alan Shearer,28,pen;Shola Ameobi,61,g	Portsmouth	0	NULL	St. James Park
2003-2004	2003-11-25	Chelsea	1	Jimmy Hasselbaink,34,g	Manchester City	0	NULL	Stamford Bridge
2003-2004	2003-11-25	Southampton	2	James Beattie,59,g;Leandre Griffit,87,g	Blackburn Rovers	0	NULL	St Mary's Stadium
2003-2004	2003-11-25	Aston Villa	0	NULL	Everton	0	NULL	Villa Park
2003-2004	2003-11-25	Wolverhampton	4	Colin Cameron,52,g;Colin Cameron,60,pen;Alex Rae,68,g;Henri Camara,86,g	Leicester City	3	Les Ferdinand,12,g;Les Ferdinand,15,g;Riccardo Scimeca,35,g	Molineux Stadium
2003-2004	2003-11-25	Liverpool	3	Michael Owen,35,g;Danny Murphy,57,g;F Sinama-Pongolle,84,g	Leeds United	1	Alan Smith,42,g	Anfield
2003-2004	2003-11-25	Bolton Wanderers	0	NULL	Birmingham	1	Mikael Forssell,31,g	Reebok Stadium
2003-2004	2003-11-22	Fulham	2	Lee Clark,6,g;Louis Saha,8,g	Newcastle United	3	Laurent Robert,16,g;Alan Shearer,51,pen;Alan Shearer,56,g	Craven Cottage
2003-2004	2003-11-21	Blackburn Rovers	0	NULL	Charlton Athletic	1	Hermann Hreidarsson,33,g	Ewood Park
2003-2004	2003-11-19	Everton	0	NULL	Southampton	0	NULL	Goodison Park
2003-2004	2003-11-19	Leicester City	1	Paul Dickov,38,g	Tottenham Hotspur	2	Mbulelo Mabizela,79,g;Frederic Kanoute,90,g	Walkers Stadium
2003-2004	2003-11-19	Birmingham	0	NULL	Aston Villa	0	NULL	St. Andrews
2003-2004	2003-11-18	Arsenal	2	Edu,5,g;Thierry Henry,75,g	Chelsea	1	Hernan Crespo,8,g	Highbury
2003-2004	2003-11-18	Portsmouth	1	Patrik Berger,4,g	Liverpool	0	NULL	Fratton Park
2003-2004	2003-11-18	Fulham	0	NULL	Wolverhampton	0	NULL	Craven Cottage
2003-2004	2003-11-18	Manchester City	6	S Wright-Phillips,27,g;Sylvain Distin,48,g;S Wright-Phillips,56,g;Nicolas Anelka,58,g;Nicolas Anelka,72,g;Claudio Reyna,84,g	Bolton Wanderers	2	Kevin Nolan,25,g;Ivan Campo,60,g	City of Manchester Stadium
2003-2004	2003-11-18	Leeds United	0	NULL	Manchester United	1	Roy Keane,81,g	Elland Road
2003-2004	2003-11-15	Birmingham	0	NULL	Chelsea	0	NULL	St. Andrews
2003-2004	2003-11-05	Aston Villa	1	Juan Pablo Angel,58,g	Bolton Wanderers	1	Kevin Nolan,46,g	Villa Park
2003-2004	2003-11-05	Middlesboro	1	Szilard Nemeth,46,g	Chelsea	2	Eidur Gudjohnsen,17,g;Hernan Crespo,88,g	Riverside Stadium
2003-2004	2003-11-04	Portsmouth	1	Teddy Sheringham,34,g	Charlton Athletic	2	Jon Fortune,77,g;Sean Bartlett,90,g	Fratton Park
2003-2004	2003-11-04	Fulham	2	Luis Boa Morte,36,g;Luis Boa Morte,73,g	Leicester City	0	NULL	Craven Cottage
2003-2004	2003-11-04	Leeds United	2	Seth Johnson,11,g;Seth Johnson,27,g	Blackburn Rovers	1	Dino Baggio,86,g	Elland Road
2003-2004	2003-11-04	Tottenham Hotspur	3	Frederic Kanoute,43,g;Gustavo Poyet,46,g;Robbie Keane,49,g	Everton	0	NULL	White Hart Lane
2003-2004	2003-11-04	Wolverhampton	1	Colin Cameron,75,g	Manchester City	0	NULL	Molineux Stadium
2003-2004	2003-11-04	Newcastle United	1	Alan Shearer,44,g	Southampton	0	NULL	St. James Park
2003-2004	2003-11-04	Manchester United	3	Ruud van Nistelrooy,36,pen;Paul Scholes,57,g;Ryan Giggs,82,g	Birmingham	0	NULL	Old Trafford
2003-2004	2003-11-04	Liverpool	1	Harry Kewell,14,g	Arsenal	2	Sami Hyypia,31,og;Robert Pires,68,g	Anfield
2003-2004	2003-10-28	Manchester City	0	NULL	Tottenham Hotspur	0	NULL	City of Manchester Stadium
2003-2004	2003-10-28	Blackburn Rovers	0	NULL	Fulham	2	Luis Boa Morte,5,g;Louis Saha,56,g	Ewood Park
2003-2004	2003-10-28	Everton	4	Steve Watson,27,g;Steve Watson,37,g;Duncan Ferguson,39,g;Steve Watson,52,g	Leeds United	0	NULL	Goodison Park
2003-2004	2003-10-28	Charlton Athletic	3	Kevin Lisbie,31,g;Kevin Lisbie,43,g;Kevin Lisbie,83,g	Liverpool	2	Vladimir Smicer,15,g;Michael Owen,52,pen	The Valley
2003-2004	2003-10-27	Chelsea	1	Jimmy Hasselbaink,43,g	Aston Villa	0	NULL	Stamford Bridge
2003-2004	2003-10-27	Bolton Wanderers	1	Kevin Davies,85,g	Wolverhampton	1	Alex Rae,30,g	Reebok Stadium
2003-2004	2003-10-27	Birmingham	2	Stephen Clemence,21,g;Stan Lazarides,50,g	Portsmouth	0	NULL	St. Andrews
2003-2004	2003-10-27	Southampton	0	NULL	Middlesboro	1	Malcolm Christie,13,g	St Mary's Stadium
2003-2004	2003-10-27	Leicester City	1	Frank Sinclair,73,g	Manchester United	4	Roy Keane,15,g;Ruud van Nistelrooy,16,g;Ruud van Nistelrooy,45,g;Ruud van Nistelrooy,52,g	Walkers Stadium
2003-2004	2003-10-26	Arsenal	3	Thierry Henry,18,g;Gilberto Silva,67,g;Thierry Henry,80,pen	Newcastle United	2	Laurent Robert,26,g;Olivier Bernard,71,g	Highbury
2003-2004	2003-10-21	Manchester United	0	NULL	Arsenal	0	NULL	Old Trafford
2003-2004	2003-10-21	Middlesboro	1	Joseph-Desire Job,6,g	Everton	0	NULL	Riverside Stadium
2003-2004	2003-10-20	Fulham	2	Steed Malbranque,73,g;Louis Saha,79,g	Manchester City	2	Nicolas Anelka,46,g;Paulo Wanchope,90,g	Craven Cottage
2003-2004	2003-10-20	Leeds United	0	NULL	Birmingham	2	Robbie Savage,79,pen;Mikael Forssell,84,g	Elland Road
2003-2004	2003-10-20	Tottenham Hotspur	1	Frederic Kanoute,62,g	Southampton	3	James Beattie,3,g;James Beattie,43,g;Kevin Phillips,60,g	White Hart Lane
2003-2004	2003-10-20	Aston Villa	2	Ozalan Alpay,37,g;Jlloyd Samuel,55,g	Charlton Athletic	1	Kevin Lisbie,86,g	Villa Park
2003-2004	2003-10-20	Liverpool	2	Michael Owen,20,pen;Emile Heskey,75,g	Leicester City	1	Marcus Bent,90,g	Anfield
2003-2004	2003-10-20	Portsmouth	1	Arjan De Zeeuw,57,g	Blackburn Rovers	2	Lucas Neill,35,g;Andy Cole,43,g	Fratton Park
2003-2004	2003-10-20	Newcastle United	0	NULL	Bolton Wanderers	0	NULL	St. James Park
2003-2004	2003-10-20	Wolverhampton	0	NULL	Chelsea	5	Frank Lampard,17,g;Jimmy Hasselbaink,36,g;Damien Duff,52,g;Hernan Crespo,67,g;Hernan Crespo,90,g	Molineux Stadium
2003-2004	2003-10-16	Leicester City	4	Lilian Nalis,20,g;Paul Dickov,23,g;Paul Dickov,83,g;James Scowcroft,90,g	Leeds United	0	NULL	Walkers Stadium
2003-2004	2003-10-14	Birmingham	2	Mikael Forssell,45,g;Mikael Forssell,82,g	Fulham	2	Louis Saha,1,g;Luis Boa Morte,78,g	St. Andrews
2003-2004	2003-10-14	Manchester City	4	Nicolas Anelka,48,pen;Michael Tarnat,50,g;Nicolas Anelka,68,pen;Nicolas Anelka,83,g	Aston Villa	1	Juan Pablo Angel,31,g	City of Manchester Stadium
2003-2004	2003-10-13	Southampton	2	James Beattie,37,pen;James Beattie,52,g	Wolverhampton	0	NULL	St Mary's Stadium
2003-2004	2003-10-13	Everton	2	Tomas Radzinski,67,g;Duncan Ferguson,88,pen	Newcastle United	2	Alan Shearer,59,pen;Alan Shearer,82,pen	Goodison Park
2003-2004	2003-10-13	Bolton Wanderers	2	Kevin Davies,23,g;Bruno N'Gotty,81,g	Middlesboro	0	NULL	Reebok Stadium
2003-2004	2003-10-13	Blackburn Rovers	1	Matt Jansen,8,g	Liverpool	3	Michael Owen,12,pen;Michael Owen,68,g;Harry Kewell,90,g	Ewood Park
2003-2004	2003-10-13	Arsenal	1	Thierry Henry,40,pen	Portsmouth	1	Teddy Sheringham,26,g	Highbury
2003-2004	2003-10-13	Chelsea	4	Frank Lampard,35,g;Adrian Mutu,37,g;Adrian Mutu,75,g;Jimmy Hasselbaink,90,g	Tottenham Hotspur	2	Frederic Kanoute,25,g;Frederic Kanoute,87,g	Stamford Bridge
2003-2004	2003-10-13	Charlton Athletic	0	NULL	Manchester United	2	Ruud van Nistelrooy,62,g;Ruud van Nistelrooy,81,g	The Valley
2003-2004	2003-10-01	Manchester City	1	Bisan Lauren,10,og	Arsenal	2	Sylvain Wiltord,48,g;Fredrik Ljungberg,72,g	City of Manchester Stadium
2003-2004	2003-10-01	Southampton	1	James Beattie,88,g	Manchester United	0	NULL	St Mary's Stadium
2003-2004	2003-09-30	Middlesboro	2	Szilard Nemeth,60,g;Juninho Paulista,63,g	Leeds United	3	Lamine Sakho,16,g;Zoumana Camara,77,g;Mark Viduka,89,g	Riverside Stadium
2003-2004	2003-09-30	Tottenham Hotspur	0	NULL	Fulham	3	Barry Hayles,23,g;Barry Hayles,67,g;Luis Boa Morte,71,g	White Hart Lane
2003-2004	2003-09-30	Chelsea	2	Adrian Mutu,45,g;Jimmy Hasselbaink,63,pen	Blackburn Rovers	2	Andy Cole,1,g;Andy Cole,58,g	Stamford Bridge
2003-2004	2003-09-30	Aston Villa	3	Ben Thatcher,8,og;Juan Pablo Angel,10,g;Juan Pablo Angel,16,g	Leicester City	1	Muzzy Izzet,53,g	Villa Park
2003-2004	2003-09-30	Wolverhampton	0	NULL	Portsmouth	0	NULL	Molineux Stadium
2003-2004	2003-09-30	Newcastle United	0	NULL	Birmingham	1	David Dunn,61,g	St. James Park
2003-2004	2003-09-30	Everton	0	NULL	Liverpool	3	Michael Owen,39,g;Michael Owen,52,g;Harry Kewell,80,g	Goodison Park
2003-2004	2003-09-28	Manchester United	1	John O'Shea,10,g	Wolverhampton	0	NULL	Old Trafford
2003-2004	2003-09-28	Liverpool	0	NULL	Tottenham Hotspur	0	NULL	Anfield
2003-2004	2003-09-27	Arsenal	2	Sol Campbell,57,g;Thierry Henry,90,g	Aston Villa	0	NULL	Highbury
2003-2004	2003-09-27	Charlton Athletic	2	Jason Euell,25,pen;Jason Euell,49,pen	Everton	2	Steve Watson,26,g;Wayne Rooney,72,g	The Valley
2003-2004	2003-09-26	Leeds United	0	NULL	Southampton	0	NULL	Elland Road
2003-2004	2003-09-26	Leicester City	0	NULL	Middlesboro	0	NULL	Walkers Stadium
2003-2004	2003-09-26	Portsmouth	4	Steve Stone,48,g;Teddy Sheringham,57,g;Teddy Sheringham,88,g;Teddy Sheringham,90,pen	Bolton Wanderers	0	NULL	Fratton Park
2003-2004	2003-09-26	Blackburn Rovers	2	Trevor Sinclair,44,og;Lorenzo Amoruso,61,g	Manchester City	3	Michael Tarnat,4,g;Joey Barton,59,g;Nicolas Anelka,87,g	Ewood Park
2003-2004	2003-09-24	Middlesboro	0	NULL	Arsenal	4	Thierry Henry,5,g;Gilberto Silva,13,g;Sylvain Wiltord,22,g;Sylvain Wiltord,60,g	Riverside Stadium
2003-2004	2003-09-24	Aston Villa	0	NULL	Liverpool	0	NULL	Villa Park
2003-2004	2003-09-23	Everton	3	Gary Naysmith,7,g;David Unsworth,20,g;Steve Watson,35,g	Fulham	1	Barry Hayles,69,g	Goodison Park
2003-2004	2003-09-23	Tottenham Hotspur	2	Mauricio Taricco,41,g;Frederic Kanoute,71,g	Leeds United	1	Alan Smith,5,g	White Hart Lane
2003-2004	2003-09-23	Wolverhampton	0	NULL	Charlton Athletic	4	Jason Euell,5,g;Claus Jensen,15,g;Sean Bartlett,25,g;Sean Bartlett,33,g	Molineux Stadium
2003-2004	2003-09-23	Southampton	0	NULL	Birmingham	0	NULL	St Mary's Stadium
2003-2004	2003-09-23	Manchester City	1	David Sommeil,90,g	Portsmouth	1	Aiyegbeni Yakubu,24,g	City of Manchester Stadium
2003-2004	2003-09-23	Chelsea	2	Lilian Nalis,3,og;Adrian Mutu,45,g	Leicester City	1	James Scowcroft,40,g	Stamford Bridge
2003-2004	2003-09-23	Bolton Wanderers	2	Youri Djorkaeff,3,pen;Kevin Davies,25,g	Blackburn Rovers	2	Matt Jansen,50,g;Dwight Yorke,90,g	Reebok Stadium
2003-2004	2003-09-23	Newcastle United	1	Alan Shearer,26,g	Manchester United	2	Ruud van Nistelrooy,51,g;Paul Scholes,59,g	St. James Park
2003-2004	2003-09-17	Liverpool	1	Michael Owen,79,pen	Chelsea	2	Juan Veron,25,g;Jimmy Hasselbaink,87,g	Anfield
2003-2004	2003-09-17	Leeds United	2	Mark Viduka,24,g;Alan Smith,57,g	Newcastle United	2	Alan Shearer,20,g;Alan Shearer,88,g	Elland Road
2003-2004	2003-09-17	Charlton Athletic	0	NULL	Manchester City	3	Nicolas Anelka,13,pen;Antoine Sibierski,23,g;Sun Jihai,83,g	The Valley
2003-2004	2003-09-16	Manchester United	4	Ryan Giggs,35,g;Ryan Giggs,74,g;Paul Scholes,77,g;Ruud van Nistelrooy,87,g	Bolton Wanderers	0	NULL	Old Trafford
2003-2004	2003-09-16	Blackburn Rovers	5	Lorenzo Amoruso,17,g;David Thompson,29,g;Brett Emerton,52,g;Andy Cole,79,g;Andy Cole,87,g	Wolverhampton	1	Steffen Iversen,71,g	Ewood Park
2003-2004	2003-09-16	Fulham	3	Steve Marlet,18,g;Junichi Inamoto,56,g;Louis Saha,70,g	Middlesboro	2	Carlos Marinelli,10,g;Szilard Nemeth,81,g	Craven Cottage
2003-2004	2003-09-16	Leicester City	2	Paul Dickov,5,pen;Les Ferdinand,10,g	Southampton	2	Kevin Phillips,76,g;James Beattie,80,g	Walkers Stadium
2003-2004	2003-09-16	Arsenal	2	Thierry Henry,35,pen;Robert Pires,58,g	Everton	1	Tomas Radzinski,84,g	Highbury
2003-2004	2003-09-16	Portsmouth	2	Teddy Sheringham,42,g;Patrik Berger,63,g	Aston Villa	1	Gareth Barry,84,pen	Fratton Park
2003-2004	2003-09-16	Birmingham	1	David Dunn,36,pen	Tottenham Hotspur	0	NULL	St. Andrews
